id; file name; gene id; sequence; date; researcher; comments; left vector; right vector; promotor; manually checked; mutations
1; 81HC82.ab1; 0; ; 20/01/17; researcher; ; ; null; null; false; 
2; 81HC80.ab1; 0; ATGGAACTGTATCTGGAGACTTCAGACGTTGTTGCGGTGAAGGCGCTGTCACGTATTTTTCCGCTGGCGGGTGTGACCACTAACCCAAGCATTATCGCCGCGGGTAAAAAACCGCTGGATGTTGTGCTTCCGCAACTTCATGAAGCGATGGGCGGTCAGGGGCGTCTGTTTGCCCAGGTAATGGCTACCACTGCCGAAGGGATGGTTAATGACGCGCTTAAGCTGCGTTCTATTATTGCGGATATCGTGGTGAAAGTTCCGGTGACCGCCGAGGGGCTGGCAGCTATTAAGATGTTAAAAGCGGAAGGGATTCCGACGCTGGGAACCGCGGTATATGGCGCAGCACAAGGGCTGCTGTCGGCGCTGGCAGGTGCGGAATATGTTGCGCCTTACGTTAATCGTATTGATGCTCAGGGCGGTAGCGGCATTCAGACTGTGACCGACTTACACCAGTTATTGAAAATGCATGCGCCGCAGGCGAAAGTGCTGGCAGCGAGTTTCAAAACCCCGCGTCAGGCGCTGGACTGCTTACTGGCAGGATGTGAATCAATTACTCTGCCACTGGATGTGGCACAACAGATGATTAGCTATCCGGCGGTTGATGCCGCTGTGGCGAAGTTTGAGCAGGACTGGCAGGGAGCGTTTGGCAGAACGTCGATTTAAGCTTAATTAAGGGCGAATTCCAGCACACTGGCGGCCGTTACTAGTGGATCCGAGCTCGGTACCAAGCTTAATTAGCTGAGCTTGGACTCCTGTTGATAGATCCAGTAATGACCTCAGAACTCCATCTGGATTTGTTCAGAACGCTCGGTTGCCGCCGGGCGTTTTTTATTGATGAGAATCCAAGCTAGCTTGGCGAGATTTTCAGGAGCTAAGGAAGCTAAAATGGGAGAAAAAAATCAC; 20/01/17; researcher; ; NNNNNNNNNNNNTCNTGNCATTAACCTATAAAAATAGGCGTATCACGAGGCCCTTTCGTCTTCACCTCGAGAAATCATAAAAAATTTATTTGCTTTGTGAGCGGATAACAATTTTACACAGAATTCATTAAAGAGGAGAAATTAACT; null; null; false; D6E
3; 81HC88.ab1; 0; ATGGAACTGTATCTGGAGACTTCAGACGTTGTTGCGGTGAAGGCGCTGTCACGTATTTTTCCGCTGGCGGGTGTGACCACTAACCCAAGCATTATCGCCGCGGGTAAAAAACCGCTGGATGTTGTGCTTCCGCAACTTCATGAAGCGATGGGCGGTCAGGGGCGTCTGTTTGCCCAGGTAATGGCTACCACTGCCGAAGGGATGGTTAATGACGCGCTTAAGCTGCGTTCTATTATTGCGGATATCGTGGTGAAAGTTCCGGTGACCGCCGAGGGGCTGGCAGCTATTAAGATGTTAAAAGCGGAAGGGATTCCGACGCTGGGAACCGCGGTATATGGCGCAGCACAAGGGCTGCTGTCGGCGCTGGCAGGTGCGGAATATGTTGCGCCTTACGTTAATCGTATTGATGCTCAGGGCGGTAGCGGCATTCAGACTGTGACCGACTTACACCAGTTATTGAAAATGCATGCGCCGCAGGCGAAAGTGCTGGCAGCGAGTTTCAAAACCCCGCGTCAGGCGCTGGACTGCTTACTGGCAGGATGTGAATCAATTACTCTGCCACTGGATGTGGCACAACAGATGATTAGCTATCCGGCGGTTGATGCCGCTGTGGCGAAGTTTGAGCAGGACTGGCAGGGAGCGTTTGGCAGAACGTCGATTTAAGCTTAATTAAGGGCGAATTCCAGCACACTGGCGGCCGTTACTAGTGGATCCGAGCTCGGTACCAAGCTTAATTAGCTGAGCTTGGACTCCTGTTGATAGATCCAGTAATGACCTCAGAACTCCATCTGGATTTGTTCAGAACGCTCGGTTGCCGCCGGGCGTTTTTTATTGGTGAGAATCCAAGCTAGCTTGGCGAGATTTTCAGGAGCTAAGGAAGCTAAAATGGGAGAAAAAAATCACTGG; 20/01/17; researcher; ; NNNNNNNNTTNATCNTGACATTAACCTATAAAAATAGGCGTATCACGAGGCCCTTTCGTCTTCACCTCGAGAAATCATAAAAAATTTATTTGCTTTGTGAGCGGATAACAATTTTACACAGAATTCATTAAAGAGGAGAAATTAACT; null; null; false; D6E
4; 81HC86.ab1; 0; ATGGAACTGTATCTGCATACTTCAGACGTTGTTGCGGTGAAGGCGCTGTCACGTATTTTTCCGCTGGCGGGTGTGACCACTAACCCAAGCATTATCGCCGCGGGTAAAAAACCGCTGGATGTTGTGCTTCCGCAACTTCATGAAGCGATGGGCGGTCAGGGGCGTCTGTTTGCCCAGGTAATGGCTACCACTGCCGAAGGGATGGTTAATGACGCGCTTAAGCTGCGTTCTATTATTGCGGATATCGTGGTGAAAGTTCCGGTGACCGCCGAGGGGCTGGCAGCTATTAAGATGTTAAAAGCGGAAGGGATTCCGACGCTGGGAACCGCGGTATATGGCGCAGCACAAGGGCTGCTGTCGGCGCTGGCAGGTGCGGAATATGTTGCGCCTTACGTTAATCGTATTGATGCTCAGGGCGGTAGCGGCATTCAGACTGTGACCGACTTACACCAGTTATTGAAAATGCATGCGCCGCAGGCGAAAGTGCTGGCAGCGAGTTTCAAAACCCCGCGTCAGGCGCTGGACTGCTTACTGGCAGGATGTGAATCAATTACTCTGCCACTGGATGTGGCACAACAGATGATTAGCTATCCGGCGGTTGATGCCGCTGTGGCGAAGTTTGAGCAGGACTGGCAGGGAGCGTTTGGCAGAACGTCGATTTAAGCTTAATTAAGGGCGAATTCCAGCACACTGGCGGCCGTTACTAGTGGATCCGAGCTCGGTACCAAGCTTAATTAGCTGAGCTTGGACTCCTGTTGATAGATCCAGTAATGACCTCAGAACTCCATCTGGATTTGTTCAGAACGCTCGGTTGCCGCCGGGCGTTTTTTATTGGTGAGAATCCAAGCTAGCTTGGCGAGATTTTCAGGAGCTAAGGAAGCTAAAATGGAAAAAAAAATCACTGGATATACCACCGTTGATATATCCCAATGGCATCGTAAAGAACATTTTGAAGGCATTTCAGTC; 20/01/17; researcher; ; NNNTNNNTNNTCATGACATTAACCTATAAAAATAGGCGTATCACGAGGCCCTTTCGTCTTCACCTCGAGAAATCATAAAAAATTTATTTGCTTTGTGAGCGGATAACAATTTTACACAGAATTCATTAAAGAGGAGAAATTAACT; null; null; false; D6H
5; 81HC79.ab1; 0; ATGGAACTGTATCTGCATACTTCAGACGTTGTTGCGGTGAAGGCGCTGTCACGTATTTTTCCGCTGGCGGGTGTGACCACTGACCCAAGCATTATCGCCGCGGGTAAAAAACCGCTGGATGTTGTGCTTCCGCAACTTCATGAAGCGATGGGCGGTCAGGGGCGTCTGTTTGCCCAGGTAATGGCTACCACTGCCGAAGGGATGGTTAATGACGCGCTTAAGCTGCGTTCTATTATTGCGGATATCGTGGTGAAAGTTCCGGTGACCGCCGAGGGGCTGGCAGCTATTAAGATGTTAAAAGCGGAAGGGATTCCGACGCTGGGAACCGCGGTATATGGCGCAGCACAAGGGCTGCTGTCGGCGCTGGCAGGTGCGGAATATGTTGCGCCTTACGTTAATCGTATTGATGCTCAGGGCGGTAGCGGCATTCAGACTGTGACCGACTTACACCAGTTATTGAAAATGCATGCGCCGCAGGCGAAAGTGCTGGCAGCGAGTTTCAAAACCCCGCGTCAGGCGCTGGACTGCTTACTGGCAGGATGTGAATCAATTACTCTGCCACTGGATGTGGCACAACAGATGATTAGCTATCCGGCGGTTGATGCCGCTGTGGCGAAGTTTGAGCAGGACTGGCAGGGAGCGTTTGGCAGAACGTCGATTTAAGCTTAATTAAGGGCGAATTCCAGCACACTGGCGGCCGTTACTAGTGGATCCGAGCTCGGTACCAAGCTTAATTAGCTGAGCTTGGACTCCTGTTGATAGATCCAGTAATGACCTCAGAACTCCATCTGGATTTGTTCAGAACGCTCGGTTGCCGCCGGGCGTTTTTTATTGGTGAGAATCCAAGCTAGCTTGGCAAGATTTTCAGGAGCTAAGGAAGCTAAAATGGAAAAAAAAATCACTGGATATACCACCGTTGATATATCCCAATGGCATCGTAAAGAACATTTTGAGGCATTTCAGTCAGTTGCTCAATGTACCTATAACCCAAACCGTTCAGCTGGA; 20/01/17; researcher; ; NNNNNNNNTTAATCATGACATTAACCTATAAAAATAGGCGTATCACGAGGCCCTTTCGTCTTCACCTCGAGAAATCATAAAAAATTTATTTGCTTTGTGAGCGGATAACAATTTTACACAGAATTCATTAAAGAGGAGAAATTAACT; null; null; false; D6H, N28D
6; 81HC75.ab1; 0; ATGGAACTGTATCTGGAGACTTCAGACGTTGTTGCGGTGAAGGCGCTGTCACGTATTTTTCCGCTGGCGGGTGTGACCACTAACCCAAGCATTATCGCCGCGGGTAAAAAACCGCTGGATGTTGTGCTTCCGCAACTTCATGAAGCGATGGGCGGTCAGGGGCGTCTGTTTGCCCAGGTAATGGCTACCACTGCCGAAGGGATGGTTAATGACGCGCTTAAGCTGCGTTCTATTATTGCGGATATCGTGGTGAAAGTTCCGGTGACCGCCGAGGGGCTGGCAGCTATTAAGATGTTAAAAGCGGAAGGGATTCCGACGCTGGGAACCGCGGTATATGGCGCAGCACAAGGGCTGCTGTCGGCGCTGGCAGGTGCGGAATATGTTGCGCCTTACGTTAATCGTATTGATGCTCAGGGCGGTAGCGGCATTCAGACTGTGACCGACTTACACCAGTTATTGAAAATGCATGCGCCGCAGGCGAAAGTGCTGGCAGCGAGTTTCAAAACCCCGCGTCAGGCGCTGGACTGCTTACTGGCAGGATGTGAATCAATTACTCTGCCACTGGATGTGGCACAACAGATGATTAGCTATCCGGCGGTTGATGCCGCTGTGGCGAAGTTTGAGCAGGACTGGCAGGGAGCGTTTGGCAGAACGTCGATTTAAGCTTAATTAAGGGCGAATTCCAGCACACTGGCGGCCGTTACTAGTGGATCCGAGCTCGGTACCAAGCTTAATTAGCTGAGCTTGGACTCCTGTTGATAGATCCAGTAATGACCTCAGAACTCCATCTGGATTTGTTCAGAACGCTCGGTTGCCGCCGGGCGTTTTTTATTGGTGAGAATCCAAGCTAGCTTGGCGAGATTTTCAGGAGCTAAGGAAGCTAAAATG; 20/01/17; researcher; ; NNNANTNNNNNNNTCATGACATTAACCTATAAAAATAGGCGTATCACGAGGCCCTTTCGTCTTCACCTCGAGAAATCATAAAAAATTTATTTGCTTTGTGAGCGGATAACAATTTTACACAGAATTCATTAAAGAGGAGAAATTAACT; null; null; false; D6E
7; 81HC76.ab1; 0; ATGGAACTGTATCTGGAGACTTCAGACGTTGTTGCGGTGAAGGCGCTGTCACGTATTTTTCCGCTGGCGGGTGTGACCACTAACCCAAGCATTATCGCCGCGGGTAAAAAACCGCTGGATGTTGTGCTTCCGCAACTTCATGAAGCGATGGGCGGTCAGGGGCGTCTGTTTGCCCAGGTAATGGCTACCACTGCCGAAGGGATGGTTAATGACGCGCTTAAGCTGCGTTCTATTATTGCGGATATCGTGGTGAAAGTTCCGGTGACCGCCGAGGGGCTGGCAGCTATTAAGATGTTAAAAGCGGAAGGGATTCCGACGCTGGGAACCGCGGTATATGGCGCAGCACAAGGGCTGCTGTCGGCGCTGGCAGGTGCGGAATATGTTGCGCCTTACGTTAATCGTATTGATGCTCAGGGCGGTAGCGGCATTCAGACTGTGACCGACTTACACCAGTTATTGAAAATGCATGCGCCGCAGGCGAAAGTGCTGGCAGCGAGTTTCAAAACCCCGCGTCAGGCGCTGGACTGCTTACTGGCAGGATGTGAATCAATTACTCTGCCACTGGATGTGGCACAACAGATGATTAGCTATCCGGCGGTTGATGCCGCTGTGGCGAAGTTTGAGCAGGACTGGCAGGGAGCGTTTGGCAGAACGTCGATTTAAGCTTAATTAAGGGCGAATTCCAGCACACTGGCGGCCGTTACTAGTGGATCCGAGCTCGGTACCAAGCTTAATTAGCTGAGCTTGGACTCCTGTTGATAGATCCAGTAATGACCTCAGAACTCCATCTGGATTTGTTCAGAACGCTCGGTTGCCGCCGGGCGTTTTTTATTGGTGAGAATCCAAGCTAGCTTGGCGAGATTTTCAGGAGCTAAGGAAGCTAAAATGGAGAAAAAAAATCACTGGATATACCACCGTTGATATATCCCAATGGCATCGTAAAGAACATTTTGAGGCATTTCAGTCAGTTGCTCAATG; 20/01/17; researcher; ; NNNNNNNNNTTTNTNNTGGNCNTTAACCTATAAAANTAGGCGTATCACGAGGCCCTTTCGTCTTCACCTCGAGAAATCATAAAAAATTTATTTGCTTTGTGAGCGGATAACAATTTTACACAGAATTCATTAAAGAGGAGAAATTAACT; null; null; false; D6E
8; 81HC74.ab1; 0; ATGGAACTGTATCTGCATACTTCAGACGTTGTTGCGGTGAAGGCGCTGTCACGTATTTTTCCGCTGGCGGGTGTGACCACTAACCCAAGCATTATCGCCGCGGGTAAAAAACCGCTGGATGTTGTGCTTCCGCAACTTCATGAAGCGATGGGCGGTCAGGGGCGTCTGTTTGCCCAGGTAATGGCTACCACTGCCGAAGGGATGGTTAATGACGCGCTTAAGCTGCGTTCTATTATTGCGGATATCGTGGTGAAAGTTCCGGTGACCGCCGAGGGGCTGGCAGCTATTAAGATGTTAAAAGCGGAAGGGATTCCGACGCTGGGAACCGCGGTATATGGCGCAGCACAAGGGCTGCTGTCGGCGCTGGCAGGTGCGGAATATGTTGCGCCTTACGTTAATCGTATTGATGCTCAGGGCGGTAGCGGCATTCAGACTGTGACCGACTTACACCAGTTATTGAAAATGCATGCGCCGCAGGCGAAAGTGCTGGCAGCGAGTTTCAAAACCCCGCGTCAGGCGCTGGACTGCTTACTGGCAGGATGTGAATCAATTACTCTGCCACTGGATGTGGCACAACAGATGATTAGCTATCCGGCGGTTGATGCCGCTGTGGCGAAGTTTGAGCAGGACTGGCAGGGAGCGTTTGGCAGAACGTCGATTTAAGCTTAATTAAGGGCGAATTCCAGCACACTGGCGGCCGTTACTAGTGGATCCGAGCTCGGTACCAAGCTTAATTAGCTGAGCTTGGACTCCTGTTGATAGATCCAGTAATGACCTCAGAACTCCATCTGGATTTGTTCAGAACGCTCGGTTGCCGCCGGGCGTTTTTTATTGGTGAGAATCCAAGCTAGCTTGGCGAGATTTTCAGGAGCTAAGGAAGCTAAAATG; 20/01/17; researcher; ; NNNNTTNNNTNNATCATGACATTAACCTATAAAAATAGGCGTATCACGAGGCCCTTTCGTCTTCACCTCGAGAAATCATAAAAAATTTATTTGCTTTGTGAGCGGATAACAATTTTACACAGAATTCATTAAAGAGGAGAAATTAACT; null; null; false; D6H
9; 81HC85.ab1; 0; ATGGAACTGTATCTGGAGACTTCAGACGTTGTTGCGGTGAAGGCGCTGTCACGTATTTTTCCGCTGGCGGGTGTGACCACTAACCCAAGCATTATCGCCGCGGGTAAAAAACCGCTGGATGTTGTGCTTCCGCAACTTCATGAAGCGATGGGCGGTCAGGGGCGTCTGTTTGCCCAGGTAATGGCTACCACTGCCGAAGGGATGGTTAATGACGCGCTTAAGCTGCGTTCTATTATTGCGGATATCGTGGTGAAAGTTCCGGTGACCGCCGAGGGGCTGGCAGCTATTAAGATGTTAAAAGCGGAAGGGATTCCGACGCTGGGAACCGCGGTATATGGCGCAGCACAAGGGCTGCTGTCGGCGCTGGCAGGTGCGGAATATGTTGCGCCTTACGTTAATCGTATTGATGCTCAGGGCGGTAGCGGCATTCAGACTGTGACCGACTTACACCAGTTATTGAAAATGCATGCGCCGCAGGCGAAAGTGCTGGCAGCGAGTTTCAAAACCCCGCGTCAGGCGCTGGACTGCTTACTGGCAGGATGTGAATCAATTACTCTGCCACTGGATGTGGCACAACAGATGATTAGCTATCCGGCGGTTGATGCCGCTGTGGCGAAGTTTGAGCAGGACTGGCAGGGAGCGTTTGGCAGAACGTCGATTTAAGCTTAATTAAGGGCGAATTCCAGCACACTGGCGGCCGTTACTAGTGGATCCGAGCTCGGTACCAAGCTTAATTAGCTGAGCTTGGACTCCTGTTGATAGATCCAGTAATGACCTCAGAACTCCATCTGGATTTGTTCAGAACGCTCGGTTGCCGCCGGGCGTTTTTTATTGGTGAGAATCCAAGCTAGCTTGGCGAGATTTTCAGGAGCTAAGGAAGCTAAAATG; 20/01/17; researcher; ; NNNNTNNNTTNNTCATGACATTAACCTATAAAAATAGGCGTATCACGAGGCCCTTTCGTCTTCACCTCGAGAAATCATAAAAAATTTATTTGCTTTGTGAGCGGATAACAATTTTACACAGAATTCATTAAAGAGGAGAAATTAACT; null; null; false; D6E
10; 81HC83.ab1; 0; ATGGAACTGTATCTGGAGACTTCAGACGTTGTTGCGGTGAAGGCGCTGTCACGTATTTTTCCGCTGGCGGGTGTGACCACTAACCCAAGCATTATCGCCGCGGGTAAAAAACCGCTGGATGTTGTGCTTCCGCAACTTCATGAA; 20/01/17; researcher; ; NNNNNNNNNNNTCATGACATTAACCTATAAAAATAGGCGTATCACGAGGCCCTTTCGTCTTCACCTCGAGAAATCATAAAAAATTTATTTGCTTTGTGAGCGGATAACAATTTTACACAGAATTCATTAAAGAGGAGAAATTAACT; null; null; false; D6E
11; 81HC89.ab1; 0; ATGGAACTGTATCTGGAGACTTCAGACGTTGTTGCGGTGAAGGCGCTGTCACGTATTTTTCCGCTGGCGGGTGTGACCACTAACCCAAGCATTATCGCCGCGGGTAAAAAACCGCTGGATGTTGTGCTTCCGCAACTTCATGAAGCGATGGGCGGTCAGGGGCGTCTGTTTGCCCAGGTAATGGCTACCACTGCCGAAGGGATGGTTAATGACGCGCTTAAGCTGCGTTCTATTATTGCGGATATCGTGGTGAAAGTTCCGGTGACCGCCGAGGGGCTGGCAGCTATTAAGATGTTAAAAGCGGAAGGGATTCCGACGCTGGGAACCGCGGTATATGGCGCAGCACAAGGGCTGCTGTCGGCGCTGGCAGGTGCGGAATATGTTGCGCCTTACGTTAATCGTATTGATGCTCAGGGCGGTAGCGGCATTCAGACTGTGACCGACTTACACCAGTTATTGAAAATGCATGCGCCGCAGGCGAAAGTGCTGGCAGCGAGTTTCAAAACCCCGCGTCAGGCGCTGGACTGCTTACTGGCAGGATGTGAATCAATTACTCTGCCACTGGATGTGGCACAACAGATGATTAGCTATCCGGCGGTTGATGCCGCTGTGGCGAAGTTTGAGCAGGACTGGCAGGGAGCGTTTGGCAGAACGTCGATTTAAGCTTAATTAAGGGCGAATTCCAGCACACTGGCGGCCGTTACTAGTGGATCCGAGCTCGGTACCAAGCTTAATTAGCTGAGCTTGGACTCCTGTTGATAGATCCAGTAATGACCTCAGAACTCCATCTGGATTTGTTCAGAACGCTCGGTTGCCGCCGGGCGTTTTTTATTGGTGAGAATCCAAGCTAGCTTGCNGAGATTTTCAGGAGCTAAGGAAGCTAAAATGGAGAAAAAA; 20/01/17; researcher; ; NNTNNNNTNATCATGACNTTAACCTATAAAAATAGGCGTATCACGAGGCCCTTTCGTCTTCACCTCGAGAAATCATAAAAAATTTATTTGCTTTGTGAGCGGATAACAATTATAATAGATTCAATTGTGAGCGGATAACAATTTTACACAGAATTCATTAAAGAGGAGAAATTAACT; null; null; false; D6E
12; 81HC84.ab1; 0; ATGGAACTGTATCTGGAGACTTCAGACGTTGTTGCGGTGAAGGCGCTGTCACGTATTTTTCCGCTGGCGGGTGTGACCACTAACCCAAGCATTATCGCCGCGGGTAAAAAACCGCTGGATGTTGTGCTTCCGCAACTTCATGAAGCGATGGGCGGTCAGGGGCGTCTGTTTGCCCAGGTAATGGCTACCACTGCCGAAGGGATGGTTAATGACGCGCTTAAGCTGCGTTCTATTATTGCGGATATCGTGGTGAAAGTTCCGGTGACCGCCGAGGGGCTGGCAGCTATTAAGATGTTAAAAGCGGAAGGGATTCCGACGCTGGGAACCGCGGTATATGGCGCAGCACAAGGGCTGCTGTCGGCGCTGGCAGGTGCGGAATATGTTGCGCCTTACGTTAATCGTATTGATGCTCAGGGCGGTAGCGGCATTCAGACTGTGACCGACTTACACCAGTTATTGAAAATGCATGCGCCGCAGGCGAAAGTGCTGGCAGCGAGTTTCAAAACCCCGCGTCAGGCGCTGGACTGCTTACTGGCAGGATGTGAATCAATTACTCTGCCACTGGATGTGGCACAACAGATGATTAGCTATCCGGCGGTTGATGCCGCTGTGGCGAAGTTTGAGCAGGACTGGCAGGGAGCGTTTGGCAGAACGTCGATTTAAGCTTAATTAAGGGCGAATTCCAGCACACTGGCGGCCGTTACTAGTGGATCCGAGCTCGGTACCAAGCTTAATTAGCTGAGCTTGGACTCCTGTTGATAGATCCAGTAATGACCTCAGAACTCCATCTGGATTTGTTCAGAACGCTCGGTTGCCGCCGGGCGTTTTTTATTGGTGAGAATCCAAGCTAGCTTGGCGAGATTTTCAGGAGCT; 20/01/17; researcher; ; NNNNNTNNNTNNTNNNTGACNTTAACCTATAAAAATAGGCGTATCACGAGGCCCTTTCGTCTTCACCTCGAGAAATCATAAAAAATTTATTTGCTTTGTGAGCGGATAACAATTTTACACAGAATTCATTAAAGAGGAGAAATTAACT; null; null; false; D6E
13; 81HC73.ab1; 0; ATGGAACTGTATCTGCATACTTCAGACGTTGTTGCGGTGAAGGCGCTGTCACGTATTTTTCCGCTGGCGGGTGTGACCACTAACCCAAGCATTATCGCCGCGGGTAAAAAACCGCTGGATGTTGTGCTTCCGCAACTTCATGAAGCGATGGGCGGTCAGGGGCGTCTGTTTGCCCAGGTAATGGCTACCACTGCCGAAGGGATGGTTAATGACGCGCTTAAGCTGCGTTCTATTATTGCGGATATCGTGGTGAAAGTTCCGGTGACCGCCGAGGGGCTGGCAGCTATTAAGATGTTAAAAGCGGAAGGGATTCCGACGCTGGGAACCGCGGTATATGGCGCAGCACAAGGGCTGCTGTCGGCGCTGGCAGGTGCGGAATATGTTGCGCCTTACGTTAATCGTATTGATGCTCAGGGCGGTAGCGGCATTCAGACTGTGACCGACTTACACCAGTTATTGAAAATGCATGCGCCGCAGGCGAAAGTGCTGGCAGCGAGTTTCAAAACCCCGCGTCAGGCGCTGGACTGCTTACTGGCAGGATGTGAATCAATTACTCTGCCACTGGATGTGGCACAACAGATGATTAGCTATCCGGCGGTTGATGCCGCTGTGGCGAAGTTTGAGCAGGACTGGCAGGGAGCGTTTGGCAGAACGTCGATTTAAGCTTAATTAAGGGCGAATTCCAGCACACTGGCGGCCGTTACTAGTGGATCCGAGCTCGGTACCAAGCTTAATTAGCTGAGCTTGGACTCCTGTTGATAGATCCAGTAATGACCTCAGAACTCCATCTGGATTTGTTCAGAACGCTCGGTTGCCGCCGGGCGTTTTTTATTGGTGAGAATCCAAGCTAGCTTGGCGAGATTTTCAGGAGCTAAGGAAGCTAAA; 20/01/17; researcher; ; NNNNNNNNTTNNTCNTTGACATTAACCTATAAAAATAGGCGTATCACGAGGCCCTTTCGTCTTCACCTCGAGAAATCATAAAAAATTTATTTGCTTTGTGAGCGGATAACAATTTTACACAGAATTCATTAAAGAGGAGAAATTAACT; null; null; false; D6H
14; 81HC81.ab1; 0; ATGGAACTGTATCTGCATACTTCAGACGTTGTTGCGGTGAAGGCGCTGTCACGTATTTTTCCGCTGGCGGGTGTGACCACTAACCCAAGCATTATCGCCGCGGGTAAAAAACCGCTGGATGTTGTGCTTCCGCAACTTCATGAAGCGATGGGCGGTCAGGGGCGTCTGTTTGCCCAGGTAATGGCTACCACTGCCGAAGGGATGGTTAATGACGCGCTTAAGCTGCGTTCTATTATTGCGGATATCGTGGTGAAAGTTCCGGTGACCGCCGAGGGGCTGGCAGCTATTAAGATGTTAAAAGCGGAAGGGATTCCGACGCTGGGAACCGCGGTATATGGCGCAGCACAAGGGCTGCTGTCGGCGCTGGCAGGTGCGGAATATGTTGCGCCTTACGTTAATCGTATTGATGCTCAGGGCGGTAGCGGCATTCAGACTGTGACCGACTTACACCAGTTATTGAAAATGCATGCGCCGCAGGCGAAAGTGCTGGCAGCGAGTTTCAAAACCCCGCGTCAGGCGCTGGACTGCTTACTGGCAGGATGTGAATCAATTACTCTGCCACTGGATGTGGCACAACAGATGATTAGCTATCCGGCGGTTGATGCCGCTGTGGCGAAGTTTGAGCAGGACTGGCAGGGAGCGTTTGGCAGAACGTCGATTTTAAGCTTAATTAAGGGCGAATTCCAGCACACTGGCGGCCGTTACTAGTGGATCCGAGCTCGGTACCAAGCTTAATTAGCTGAG; 20/01/17; researcher; ; CCATTTATTTTCATTGACATTAACCTATAAAAATAGGCGTATCACGAGGCCCTTTCGTCTTCACCTCGAGAAATCATAAAAAATTTATTTGCTTTGTGAGCGGATAACAATTTTACACAGAATTCATTAAAGAGGAGAAATTAACT; null; null; false; D6H, +1L220, TAA221TTA, +1S220, +1L220, +1I220, +1K220, +1G220, +1E220, +1F220, +1Q220, +1H220, +1T220, +1G220, +1G220, +1R220, +1Y220
15; 81HC87.ab1; 0; ATGGAACTGTATCTGGAGACTTCAGACGTTGTTGCGGTGAAGGCGCTGTCACGTATTTTTCCGCTGGCGGGTGTGACCACTAACCCAAGCATTATCGCCGCGGGTAAAAAACCGCTGGATGTTGTGCTTCCGCAACTTCATGAAGCGATGGGCGGTCAGGGGCGTCTGTTTGCCCAGGTAATGGCTACCACTGCCGAAGGGATGGTTAATGACGCGCTTAAGCTGCGTTCTATTATTGCGGATATCGTGGTGAAAGTTCCGGTGACCGCCGAGGGGCTGGCAGCTATTAAGATGTTAAAAGCGGAAGGGATTCCGACGCTGGGAACCGCGGTATATGGCGCAGCACAAGGGCTGCTGTCGGCGCTGGCAGGTGCGGAATATGTTGCGCCTTACGTTAATCGTATTGATGCTCAGGGCGGTAGCGGCATTCAGACTGTGACCGACTTACACCAGTTATTGAAAATGCATGCGCCGCAGGCGAAAGTGCTGGCAGCGAGTTTCAAAACCCCGCGTCAGGCGCTGGACTGCTTACTGGCAGGATGTGAATCAATTACTCTGCCACTGGATGTGGCACAACAGATGATTAGCTATCCGGCGGTTGATGCCGCTGTGGCGAAGTTTGAGCAGGACTGGCAGGGAGCGTTTGGCAGAACGTCGATTTAAGCTTAATTAAGGGCGAATTCCAGCACACTGGCGGCCGTTACTAGTGGATCCGAGCTCGGTACCAAGCTTAATTAGCTGAGCTTGGACTCCTGTTGATAGATCCAGTAATGACCTCAGAACTCCATCTGGATTTGTTCAGAACGCTCGGTTGCCGCCGGGCGTTTTTTATTGGTGAGAATCCAAGCTAGCTTGGCGAGATTTTCAGGAGCTAAGGAAGCTAAAATGGAGAAAAAAATCACTGGATATACCACCGTTGATATATCCCAATGGCATCGTAAANAACATTTTGAGGCATTTCAGTCAGTTGCTCAATGTACC; 20/01/17; researcher; ; NNNNNNNNTNATCATGACATTAACCTATAAAAATAGGCGTATCACGAGGCCCTTTCGTCTTCACCTCGAGAAATCATAAAAAATTTATTTGCTTTGTGAGCGGATAACAATTTTACACAGAATTCATTAAAGAGGAGAAATTAACT; null; null; false; D6E
16; 81HC92.ab1; 0; ATGGAACTGTATCTGGAGACTTCAGACGTTGTTGCGGTGAAGGCGCTGTCACGTATTTTTCCGCTGGCGGGTGTGACCACTAACCCAAGCATTATCGCCGCGGGTAAAAAACCGCTGGATGTTGTGCTTCCGCAACTTCATGAAGCGATGGGCGGTCAGGGGCGTCTGTTTGCCCAGGTAATGGCTACCACTGCCGAAGGGATGGTTAATGACGCGCTTAAGCTGCGTTCTATTATTGCGGATATCGTGGTGAAAGTTCCGGTGACCGCCGAGGGGCTGGCAGCTATTAAGATGTTAAAAGCGGAAGGGATTCCGACGCTGGGAACCGCGGTATATGGCGCAGCACAAGGGCTGCTGTCGGCGCTGGCAGGTGCGGAATATGTTGCGCCTTACGTTAATCGTATTGATGCTCAGGGCGGTAGCGGCATTCAGACTGTGACCGACTTACACCAGTTATTGAAAATGCATGCGCCGCAGGCGAAAGTGCTGGCAGCGAGTTTCAAAACCCCGCGTCAGGCGCTGGACTGCTTACTGGCAGGATGTGAATCAATTACTCTGCCACTGGATGTGGCACAACAGATGATTAGCTATCCGGCGGTTGATGCCGCTGTGGCGAAGTTTGAGCAGGACTGGCAGGGAGCGTTTGGCAGAACGTCGATTTAAGCTTAATTAAGGGCGAATTCCAGCACACTGGCGGCCGTTACTAGTGGATCCGAGCTCGGTACCAAGCTTAATTAGCTGAGCTTGGACTCCTGTTGATAGATCCAGTAATGACCTCAGAACTCCATCTGGATTTGTTCAGAACGCTCGGTTGCCGCCGGGCGTTTTTTATTGGTGAGAATCCAAGCTAGCTTGGCGAAGATTTTCAGGAGCTAAGGAAGCTAAAATGGG; 20/01/17; researcher; ; NNNNNNNNNNTTTATTCNTGACATTAACCTATAAAAATAGGCGTATCACGAGGCCCTTTCGTCTTCACCTCGAGAAATCATAAAAAATTTATTTGCTTTGTGAGCGGATAACAATTTTACACAGAATTCATTAAAGAGGAGAAATTAACT; null; null; false; D6E
17; 81HC78.ab1; 0; ATGGAACTGTATCTGCATACTTCAGACGTTGTTGCGGTGAAGGCGCTGTCACGTATTTTTCCGCTGGCGGGTGTGACCACTAACCCAAGCATTATCGCCGCGGGTAAAAAACCGCTGGATGTTGTGCTTCCGCAACTTCATGAAGCGATGGGCGGTCAGGGGCGTCTGTTTGCCCAGGTAATGGCTACCACTGCCGAAGGGATGGTTAATGACGCGCTTAAGCTGCGTTCTATTATTGCGGATATCGTGGTGAAAGTTCCGGTGACCGCCGAGGGGCTGGCAGCTATTAAGATGTTAAAAGCGGAAGGGATTCCGACGCTGGGAACCGCGGTATATGGCGCAGCACAAGGGCTGCTGTCGGCGCTGGCAGGTGCGGAATATGTTGCGCCTTACGTTAATCGTATTGATGCTCAGGGCGGTAGCGGCATTCAGACTGTGACCGACTTACACCAGTTATTGAAAATGCATGCGCCGCAGGCGAAAGTGCTGGCAGCGAGTTTCAAAACCCCGCGTCAGGCGCTGGACTGCTTACTGGCAGGATGTGAATCAATTACTCTGCCACTGGATGTGGCACAACAGATGATTAGCTATCCGGCGGTTGATGCCGCTGTGGCGAAGTTTGAGCAGGACTGGCAGGGAGCGTTTGGCAGAACGTCGATTTAAGCTTAATTAAGGGCGAATTCCAGCACACTGGCGGCCGTTACTAGTGGATCCGAGCTCGGTACCAAGCTTAATTAGCTGAGCTTGGACTCCTGTTGATAGATCCAGTAATGACCTCAGAACTCCATCTGGATTTGTTCAGAACGCTCGGTTGCCGCCGGGCGTTTTTTATTGGTGAGAATCCAAGCTAGCTTGGCCGAGATTTTCAGGAGCTAAGGAAGCTAAAATGGAAGAAAAAAA; 20/01/17; researcher; ; NNNNNTTNNTTNTCATGACNTTAACCTATAAAAATAGGCGTATCACGAGGCCCTTTCGTCTTCACCTCGAGAAATCATAAAAAATTTATTTGCTTTGTGAGCGGATAACAATTTTACACAGAATTCATTAAAGAGGAGAAATTAACT; null; null; false; D6H
18; 81HC77.ab1; 0; ATGGAACTGTATCTGGAGACTTCAGACGTTGTTGCGGTGAAGGCGCTGTCACGTATTTTTCCGCTGGCGGGTGTGACCACTAACCCAAGCATTATCGCCGCGGGTAAAAAACCGCTGGATGTTGTGCTTCCGCAACTTCATGAAGCGATGGGCGGTCAGGGGCGTCTGTTTGCCCAGGTAATGGCTACCACTGCCGAAGGGATGGTTAATGACGCGCTTAAGCTGCGTTCTATTATTGCGGATATCGTGGTGAAAGTTCCGGTGACCGCCGAGGGGCTGGCAGCTATTAAGATGTTAAAAGCGGAAGGGATTCCGACGCTGGGAACCGCGGTATATGGCGCAGCACAAGGGCTGCTGTCGGCGCTGGCAGGTGCGGAATATGTTGCGCCTTACGTTAATCGTATTGATGCTCAGGGCGGTAGCGGCATTCAGACTGTGACCGACTTACACCAGTTATTGAAAATGCATGCGCCGCAGGCGAAAGTGCTGGCAGCGAGTTTCAAAACCCCGCGTCAGGCGCTGGACTGCTTACTGGCAGGATGTGAATCAATTACTCTGCCACTGGATGTGGCACAACAGATGATTAGCTATCCGGCGGTTGATGCCGCTGTGGCGAAGTTTGAGCAGGACTGGCAGGGAGCGTTTGGCAGAACGTCGATTTAAGCTTAATTAAGGGCGAATTCCAGCACACTGGCGGCCGTTACTAGTGGATCCGAGCTCGGTACCAAGCTTAATTAGCTGAGCTTGGACTCCTGTTGATAGATCCAGTAATGACCTCAGAACTCCATCTGGATTTGTTCAGAACGCTCGGTTGCCGCCGGGCGTTTTTTATTGGTGAGAATCCAAGCTAGCTTGGCGAGATTTTCAGGAGCTAAGGAAGCTAAAATGGAGAAAAAA; 20/01/17; researcher; ; NNNNNNNTNATCATGACATTAACCTATAAAAATAGGCGTATCACGAGGCCCTTTCGTCTTCACCTCGAGAAATCATAAAAAATTTATTTGCTTTGTGAGCGGATAACAATTTTACACAGAATTCATTAAAGAGGAGAAATTAACT; null; null; false; D6E
